{
  "train_acc": [
    0.6694598340355189,
    0.6958526510052976,
    0.6914630442594005,
    0.6784640962043694,
    0.6874368676042135,
    0.7146102105621743,
    0.6667451573684152,
    0.6609041796321362,
    0.6913115250325836,
    0.6666039099208022,
    0.6631022470187297,
    0.6428931286904664,
    0.6849338623274744,
    0.675471236747978,
    0.6378817600486553,
    0.6662085446636233,
    0.6760943590012272,
    0.6781094897109851,
    0.6993824591678856,
    0.6837634264895346,
    0.7140801032032587,
    0.6973945134508927,
    0.6860511619432837,
    0.6988689213727428,
    0.6954131801571466,
    0.6779058929038259,
    0.7329346078687009,
    0.7196971378495208,
    0.6756948749575995,
    0.7063566688942698,
    0.6977723087884683,
    0.7098691189183598,
    0.7247546795195183,
    0.7310979598391373,
    0.7249703238495683,
    0.7133866748978607,
    0.6900379663020109,
    0.7240563050835533,
    0.688942689811234,
    0.7095550435834226
  ],
  "val_acc": [
    0.7456140350877193,
    0.7456140350877193,
    0.7456140350877193,
    0.7368421052631579,
    0.7456140350877193,
    0.7105263157894737,
    0.7456140350877193,
    0.7017543859649122,
    0.6491228070175439,
    0.6666666666666666,
    0.7192982456140351,
    0.7456140350877193,
    0.7456140350877193,
    0.7280701754385965,
    0.6929824561403509,
    0.7017543859649122,
    0.7456140350877193,
    0.7105263157894737,
    0.7456140350877193,
    0.7456140350877193,
    0.7456140350877193,
    0.7456140350877193,
    0.7280701754385965,
    0.7192982456140351,
    0.7280701754385965,
    0.7368421052631579,
    0.7105263157894737,
    0.7192982456140351,
    0.7017543859649122,
    0.7017543859649122,
    0.6929824561403509,
    0.6929824561403509,
    0.6929824561403509,
    0.7017543859649122,
    0.7192982456140351,
    0.7192982456140351,
    0.7192982456140351,
    0.7192982456140351,
    0.7192982456140351,
    0.7192982456140351
  ],
  "train_loss": [
    0.6076161603132884,
    0.5754762967427571,
    0.5596637090047201,
    0.5909369210402171,
    0.5777479430039724,
    0.5510459283987681,
    0.6017685135205587,
    0.6353933572769165,
    0.5827089707056682,
    0.6505298435688018,
    0.6023981829484304,
    0.6002496957778931,
    0.5441853106021881,
    0.6046834568182627,
    0.6258395036061605,
    0.6053041338920593,
    0.5819428344567616,
    0.5570305744806926,
    0.5796562929948171,
    0.5748114148775737,
    0.5545722901821136,
    0.5441783626874288,
    0.5641190608342489,
    0.5671550492445628,
    0.5660906116167704,
    0.569290139277776,
    0.5417052884896596,
    0.5586351931095124,
    0.561858739455541,
    0.5353650410970052,
    0.542377914985021,
    0.5441188057263692,
    0.5484496514002483,
    0.562401533126831,
    0.5042196611563364,
    0.5396124998728434,
    0.5533060789108276,
    0.5431397199630738,
    0.5533295253912608,
    0.549423877398173
  ],
  "val_loss": [
    0.4763890355825424,
    0.48667631298303604,
    0.47869201749563217,
    0.4839429035782814,
    0.47243982553482056,
    0.5078564509749413,
    0.5010969638824463,
    0.5412262380123138,
    0.5354006364941597,
    0.5954163521528244,
    0.49245958030223846,
    0.4841485917568207,
    0.4692089259624481,
    0.5020911544561386,
    0.4942856431007385,
    0.4927121102809906,
    0.49468402564525604,
    0.4742119237780571,
    0.48617368936538696,
    0.494866743683815,
    0.470436654984951,
    0.46071603149175644,
    0.4840601310133934,
    0.4927390590310097,
    0.4619164541363716,
    0.48913389444351196,
    0.45992477983236313,
    0.46892520040273666,
    0.4819101318717003,
    0.4672871306538582,
    0.47039254754781723,
    0.46979857981204987,
    0.46500546485185623,
    0.46434611082077026,
    0.4626985788345337,
    0.46105704456567764,
    0.45926129072904587,
    0.46169670671224594,
    0.46076010167598724,
    0.46056054532527924
  ],
  "lr": [
    0.000264317358961499,
    0.0007122691117525258,
    0.0013211781767717542,
    0.0019242873383330586,
    0.0023564277554477095,
    0.0024999762842807718,
    0.0024939336697742485,
    0.002477278294454107,
    0.0024501522561100582,
    0.0024127869845368827,
    0.0023655012670570187,
    0.0023086985287395297,
    0.0022428633905196595,
    0.0021685575345838843,
    0.002086414912295541,
    0.0019971363355453207,
    0.001901483497671317,
    0.0018002724749600302,
    0.001694366764171231,
    0.0015846699154880685,
    0.0014721178237454874,
    0.001357670743705485,
    0.00124230509750206,
    0.0011270051441518382,
    0.001012754582203185,
    0.0009005281571670332,
    0.0007912833453318683,
    0.0006859521849136318,
    0.000585433324234291,
    0.0004905843547712107,
    0.00040221449448904424,
    0.0003210776838773844,
    0.0002478661535963366,
    0.0001832045186085997,
    0.00012764444918483855,
    8.165996424744851e-05,
    4.564338720824217e-05,
    1.9901998803430993e-05,
    4.655415482726931e-06,
    3.3715719228184266e-08
  ]
}