{
  "train_acc": [
    0.7566371681415929,
    0.7632743362831859,
    0.7323008849557522,
    0.7345132743362832,
    0.75,
    0.7168141592920354,
    0.7654867256637168,
    0.745575221238938
  ],
  "val_acc": [
    0.6929824561403509,
    0.7631578947368421,
    0.7631578947368421,
    0.7631578947368421,
    0.7543859649122807,
    0.7543859649122807,
    0.7456140350877193,
    0.7456140350877193
  ],
  "train_loss": [
    0.4218638996283213,
    0.39073004523913063,
    0.4079101026058197,
    0.4149369259675344,
    0.4076650083065033,
    0.4087040623029073,
    0.39483761390050254,
    0.389408810933431
  ],
  "val_loss": [
    0.42509637027978897,
    0.40986915677785873,
    0.4052713066339493,
    0.40363506227731705,
    0.4031783193349838,
    0.4027978926897049,
    0.4104902148246765,
    0.4083538353443146
  ]
}