{
  "train_acc": [
    0.5995575221238938,
    0.6592920353982301,
    0.7057522123893806,
    0.7035398230088495,
    0.7123893805309734,
    0.7300884955752213,
    0.7610619469026548,
    0.7876106194690266,
    0.7853982300884956,
    0.7676991150442478,
    0.7853982300884956,
    0.8207964601769911,
    0.7986725663716814,
    0.8407079646017699,
    0.8362831858407079,
    0.8650442477876106,
    0.8584070796460177,
    0.8606194690265486,
    0.8407079646017699,
    0.8252212389380531,
    0.8362831858407079,
    0.8805309734513275,
    0.8584070796460177,
    0.8761061946902655,
    0.8628318584070797,
    0.8517699115044248,
    0.8716814159292036,
    0.8849557522123894,
    0.8672566371681416,
    0.8694690265486725
  ],
  "val_acc": [
    0.631578947368421,
    0.7017543859649122,
    0.6491228070175439,
    0.6754385964912281,
    0.7017543859649122,
    0.7368421052631579,
    0.7631578947368421,
    0.7543859649122807,
    0.7807017543859649,
    0.8333333333333334,
    0.8508771929824561,
    0.8070175438596491,
    0.8245614035087719,
    0.7982456140350878,
    0.8508771929824561,
    0.8070175438596491,
    0.8508771929824561,
    0.8157894736842105,
    0.8421052631578947,
    0.8333333333333334,
    0.8333333333333334,
    0.8596491228070176,
    0.8421052631578947,
    0.8421052631578947,
    0.8421052631578947,
    0.8421052631578947,
    0.8421052631578947,
    0.8421052631578947,
    0.8421052631578947,
    0.8596491228070176
  ],
  "train_loss": [
    0.6850402170214159,
    0.6132784681073551,
    0.6070724612679975,
    0.6652145827638691,
    0.6975139564481275,
    0.5452369091839626,
    0.5299899845287718,
    0.4553529404360673,
    0.44406438695973366,
    0.5365550178906013,
    0.45326730608940125,
    0.4549827431810313,
    0.459433866985913,
    0.346603452131666,
    0.4067417624695548,
    0.3557664525919947,
    0.37029650653230733,
    0.36263144581482326,
    0.4028543973791188,
    0.3793802919058964,
    0.36112303518015765,
    0.3159906293811469,
    0.34694865705638095,
    0.33104091625789117,
    0.33129903468592414,
    0.3217584352041113,
    0.3180801395712228,
    0.2948080511956379,
    0.31846574411309997,
    0.34985069211187036
  ],
  "val_loss": [
    0.5328775644302368,
    0.5010025762021542,
    0.739910539239645,
    0.5644532945007086,
    0.5055065229535103,
    0.7554506249725819,
    0.477189376950264,
    0.4708334282040596,
    0.5960159357637167,
    0.30760608427226543,
    0.36224405467510223,
    0.3344043642282486,
    0.3126457240432501,
    0.3187115676701069,
    0.31805330887436867,
    0.27643754333257675,
    0.33135036658495665,
    0.30570998694747686,
    0.3546270150691271,
    0.27397344168275595,
    0.38639661110937595,
    0.38537757378071547,
    0.3330963347107172,
    0.39284496381878853,
    0.2982528926804662,
    0.3366941139101982,
    0.3288874663412571,
    0.33757709339261055,
    0.3712839726358652,
    0.28295238595455885
  ]
}