{"fatigue_score": 0.5278183188528294, "label": "ALERT", "confidence_pct": 52.78183188528294}