{"fatigue_score": 0.8510577052825866, "label": "DROWSY", "confidence_pct": 85.10577052825866}