{"fatigue_score": 0.500699983187928, "label": "ALERT", "confidence_pct": 50.0699983187928}