{"fatigue_score": 0.31101633609041396, "label": "DROWSY", "confidence_pct": 31.101633609041397}